{"cameraMode":{"drawMode":0,"name":"Shaded","section":"Shading Mode"},"sceneLighting":true,"audioPlay":false,"sceneViewState":{"m_AlwaysRefresh":false,"showFog":true,"showSkybox":true,"showFlares":true,"showImageEffects":true,"showParticleSystems":true,"showVisualEffectGraphs":true,"m_FxEnabled":true},"in2DMode":false,"pivot":{"x":1.4848830699920655,"y":0.7699816823005676,"z":-0.19976608455181123},"rotation":{"x":0.09370356053113938,"y":0.6491382718086243,"z":-0.08104641735553742,"w":0.750514030456543},"size":1.530684471130371,"orthographic":false}